{
    "assetName": "carrot",
    "author": "xizou",
    "historical": [
        {
            "date": "2024-04-08",
            "author": "xizou",
            "changes": "adjusting format to fit standard",
            "version": "1.4",
            "schemaVersion": "1.4"
        },
        {
            "date": "2024-03-13",
            "author": "xizou",
            "changes": "adjusting format to fit standard",
            "version": "1.3",
            "schemaVersion": "1.3"
        },
        {
            "date": "2024-02-19",
            "author": "jofisch",
            "changes": "added variants",
            "version": "1.2",
            "schemaVersion": "1.2"
        },
        {
            "date": "2024-02-12",
            "author": "xizou",
            "changes": "",
            "version": "1.1",
            "schemaVersion": "1.1"
        }
    ],
    "version": "1.4",
    "keywords": [
        "vegetable",
        "carrot"
    ]
}